k,neigh_size,centroid_id,centro_x,centro_y,ground_state_energy,spectral_gap,residual_norm,relative_residual
0,55,385.0,327396.0,1856583.0,0.6120516708275434,0.12750502474164993,1.881170955864882e-15,3.306463860718291e-17
1,50,386.0,327396.0,1856573.0,0.6115460123159076,0.11812954475418624,3.001111709691821e-15,5.274988737131045e-17
2,87,461.0,327406.0,1856633.0,0.4858802955688842,0.24631496328241992,1.8580748701787797e-15,3.273127196662631e-17
3,88,462.0,327406.0,1856623.0,0.6123620497242829,0.05118479676632315,2.725440071013834e-15,3.793693712748538e-17
4,83,463.0,327406.0,1856613.0,0.6123972020459537,0.14384492485791878,4.120239339806866e-15,5.626874212886166e-17
5,77,464.0,327406.0,1856603.0,0.6123912732843606,0.14357146685137634,5.197087253798039e-15,7.097490268523374e-17
6,71,465.0,327406.0,1856593.0,0.6123165591336495,0.13856700198634098,4.6682243566895886e-15,6.375246196899775e-17
7,65,466.0,327406.0,1856583.0,0.6120518304922363,0.12751220058504675,4.03090797197486e-15,5.5049032912006573e-17
8,82,531.0,327416.0,1856743.0,0.5803400850351222,0.11876240891332823,8.268179376802201e-15,3.5063075806040235e-16
9,85,532.0,327416.0,1856733.0,0.6513810725484914,0.014859494506295978,1.1495915249353388e-14,4.853002018065081e-16
10,87,533.0,327416.0,1856723.0,0.728891985695845,0.1703289626291553,9.947209418515e-15,4.1809933414724176e-16
11,88,534.0,327416.0,1856713.0,0.7365446708635285,0.19595328845548943,6.5886974608645636e-15,2.766265183864926e-16
12,89,535.0,327416.0,1856703.0,0.736402273810341,0.19619476352126897,8.832350380552026e-15,3.706068088805439e-16
13,91,536.0,327416.0,1856693.0,0.7321024186797265,0.13900506685456426,1.1017516734972754e-14,1.9324299870553064e-16
14,93,537.0,327416.0,1856683.0,0.5356487711477874,0.20280887044732143,7.902243905284514e-15,1.3525060957875078e-16
15,94,538.0,327416.0,1856673.0,0.6045735444978054,0.1348575000245733,5.2408177058402105e-15,8.865576327280725e-17
16,95,539.0,327416.0,1856663.0,0.7054738876030551,0.01804094968343406,1.6820205003863477e-14,2.8271268691288334e-16
17,96,540.0,327416.0,1856653.0,0.6520716617447117,0.09019334459724793,3.276928058714634e-14,5.499060718445535e-16
18,98,541.0,327416.0,1856643.0,0.5504337486822902,0.15907773935081648,1.6158267473302678e-15,2.7121934513358925e-17
19,70,608.0,327426.0,1856783.0,0.49646013050514776,0.20964076963500883,1.2240931425478385e-14,2.074518864504063e-16
20,78,609.0,327426.0,1856773.0,0.4964601555806352,0.20910587990597945,8.818012029179326e-15,1.4873497362831874e-16
21,85,610.0,327426.0,1856763.0,0.6628613918788383,0.05937194097906584,1.4949195555756993e-14,2.5081921430567904e-16
22,91,611.0,327426.0,1856753.0,0.6917375166222438,0.07317572048688159,2.2408068616981266e-14,3.7523336855987024e-16
23,74,688.0,327436.0,1856793.0,0.5934701897415328,0.1173623880010265,1.968039619688351e-14,2.6806725686822535e-16
24,83,689.0,327436.0,1856783.0,0.5934755490682155,0.11794993255969421,1.7411462998402308e-14,2.3522646487125354e-16
25,77,768.0,327446.0,1856803.0,0.6570572509374526,0.023918345437060173,2.0293642936086273e-14,2.7346782014068475e-16
26,87,769.0,327446.0,1856793.0,0.6644149217860769,0.06182998852150423,2.937085524428313e-14,3.9055416626480844e-16
27,79,848.0,327456.0,1856813.0,0.6640889453348886,0.06300442642409798,1.6402742035135748e-14,2.1818344674147836e-16
28,90,849.0,327456.0,1856803.0,0.6619833659597192,0.03265813264566908,1.920222375527087e-14,2.53499236130314e-16
29,92,929.0,327466.0,1856813.0,0.5085224222529832,0.1566007324044606,1.5358701107167884e-14,2.0241812305328957e-16
30,94,1009.0,327476.0,1856823.0,0.5038260359507144,0.173670646995438,1.7095202774986868e-14,2.2527120744757767e-16
31,105,1010.0,327476.0,1856813.0,0.664690264261873,0.03805635466842994,1.223492265936617e-14,1.5989309818022231e-16
32,95,1089.0,327486.0,1856833.0,0.31154759371301816,0.3129378989783554,1.7026595424669175e-14,2.2493706942914356e-16
33,107,1090.0,327486.0,1856823.0,0.49320863152620625,0.18424917283151748,2.2712312599045613e-14,2.974704116461967e-16
34,94,1169.0,327496.0,1856843.0,0.47745502471455037,0.11470254188685824,1.5847021482085376e-14,2.088959507633906e-16
35,106,1170.0,327496.0,1856833.0,0.5300463959319696,0.03604370593320183,4.278950907336136e-15,5.60157603260512e-17
36,93,1249.0,327506.0,1856853.0,0.6447586703908286,0.01861009306655015,2.1079602809591084e-14,2.772605364418712e-16
37,105,1250.0,327506.0,1856843.0,0.6622271893112434,0.043962187316738954,2.4152194101580735e-14,3.1563029190352014e-16
38,91,1329.0,327516.0,1856863.0,0.6286223653411769,0.03775546845346478,8.6046827127622e-15,1.132016303172348e-16
39,104,1330.0,327516.0,1856853.0,0.6655129476411064,0.023171665885437065,3.776244645784054e-14,4.934731878504211e-16
40,89,1409.0,327526.0,1856873.0,0.33099480515405894,0.3377217663478132,1.5871069351991927e-15,2.0966136310859584e-17
41,102,1410.0,327526.0,1856863.0,0.5731866992559566,0.09568258367309201,3.0911550634325208e-15,4.0445380950857476e-17
42,87,1489.0,327536.0,1856883.0,0.49032500966375836,0.17475265587812183,2.6429952463255733e-15,3.497089985380064e-17
43,100,1490.0,327536.0,1856873.0,0.5123691557359973,0.15267791544657194,7.373436936930937e-15,9.666032362875444e-17
44,84,1569.0,327546.0,1856893.0,0.6024995332570373,0.06907881877263922,2.9893500709096023e-15,3.9783149782103167e-17
45,97,1570.0,327546.0,1856883.0,0.6620861122579936,0.017098178199136282,2.2669217079028955e-14,2.976315589249704e-16
46,81,1649.0,327556.0,1856903.0,0.6676440344850884,0.13970922321834112,2.1989071652018696e-14,2.962722087264806e-16
47,94,1650.0,327556.0,1856893.0,0.6717349030741667,0.1365100333487076,3.450929812771469e-14,4.554857918684574e-16
48,77,1729.0,327566.0,1856913.0,0.6087190079256602,0.17467277825236227,9.205981254277586e-15,1.253689024019433e-16
49,90,1730.0,327566.0,1856903.0,0.6667910639939266,0.15196357400885419,1.422851632992347e-14,1.8919539710873686e-16
50,86,1810.0,327576.0,1856913.0,0.4423405961928853,0.12231520483414765,3.4225183205905683e-14,4.633235267506818e-16
51,81,1890.0,327586.0,1856923.0,0.38352434516639666,0.19905402193399813,1.2736962253527231e-14,1.7785883869104205e-16
52,94,1891.0,327586.0,1856913.0,0.3835243476004235,0.23751759546731482,1.4718351248622956e-14,1.9852578131276497e-16
53,89,1971.0,327596.0,1856923.0,0.3140870960149274,0.34242531621567845,1.2612419245859066e-14,1.7245039052416743e-16
54,96,2052.0,327606.0,1856923.0,0.42914580033751537,0.3306422496378304,2.772304875683677e-14,3.747337695043915e-16
55,90,2132.0,327616.0,1856933.0,0.42831277288629094,0.2738766974950187,1.9484632909994992e-14,2.6599915479990236e-16
56,96,2213.0,327626.0,1856933.0,0.46747231935679534,0.21230248882655312,1.8689080352060148e-14,2.52490383626331e-16
57,88,2293.0,327636.0,1856943.0,0.49566263607264505,0.2591404993762684,1.9609028532402022e-14,2.6745146523167047e-16
58,101,2294.0,327636.0,1856933.0,0.49566308231941897,0.25960154988919376,3.6302865580854506e-14,4.838170948738858e-16
59,94,2374.0,327646.0,1856943.0,0.4968967881581975,0.2601463694180486,2.5232772279574573e-14,3.4133663941723956e-16
60,86,2454.0,327656.0,1856953.0,0.49665695064430065,0.15128844694712823,1.464055563374519e-14,2.0411813905137937e-16
61,99,2455.0,327656.0,1856943.0,0.4966673543591442,0.15128546307430857,2.318494449514777e-14,3.1224934501361807e-16
62,91,2535.0,327666.0,1856953.0,0.4869835210597667,0.020805419287120097,1.7099910236560615e-14,2.332567087866717e-16
63,83,2615.0,327676.0,1856963.0,0.43412261680747394,0.06406337385155603,8.097299162621148e-15,1.3791105784060064e-16
64,96,2616.0,327676.0,1856953.0,0.43412318230038,0.06417300979487645,2.7505843393462036e-14,3.7345495439940487e-16
65,86,2696.0,327686.0,1856963.0,0.4793452212568074,0.014710988718168283,1.0869588565398827e-14,1.8498434076522524e-16
66,89,2777.0,327696.0,1856963.0,0.4503225954307773,0.0527741285443834,4.003779272267886e-15,6.817208020963943e-17
67,78,2857.0,327706.0,1856973.0,0.49806765847338197,0.023069066523814796,6.688769680885135e-15,2.9363305693362685e-16
68,91,2858.0,327706.0,1856963.0,0.49826039838430886,0.023470675652775885,1.527647501790297e-14,2.5989937336470284e-16
69,80,2938.0,327716.0,1856973.0,0.5022224817582632,0.05580304987511597,8.247771962048471e-15,3.6200631250570367e-16
70,81,3019.0,327726.0,1856973.0,0.5041553832204658,0.2195638530142936,1.5002226038938565e-14,6.584129442858242e-16
71,82,3100.0,327736.0,1856973.0,0.5034758742181267,0.23004697177236855,1.1797188296590803e-14,5.17766704099049e-16
72,95,3101.0,327736.0,1856963.0,0.5034766748168762,0.23013413995946042,1.4910742308944886e-14,2.536546354180138e-16
73,95,3182.0,327746.0,1856963.0,0.5027218592717976,0.16796119949991362,8.790292530813353e-15,1.4953830144070497e-16
74,95,3263.0,327756.0,1856963.0,0.5023534291317622,0.27411066204048784,9.125342436602006e-15,1.5523906196982636e-16
75,95,3344.0,327766.0,1856963.0,0.47371313631330303,0.2940750242595548,5.4143993829736955e-15,9.215447901375358e-17
76,95,3425.0,327776.0,1856963.0,0.3957038751066529,0.4116127026403615,3.9025529867941305e-15,6.69543948366918e-17
77,95,3506.0,327786.0,1856963.0,0.4117798950162024,0.3500741549334603,1.5835890280039144e-15,2.7932475391383523e-17
78,95,3587.0,327796.0,1856963.0,0.505248110074906,0.24128369952313833,8.358323952149642e-16,3.5464843064664255e-17
79,95,3668.0,327806.0,1856963.0,0.8038197066798967,0.0885551252107658,9.018515897599804e-15,3.7828116084488477e-16
80,168,3708.0,327806.0,1856563.0,0.6845004495599122,0.1342451267943271,4.0036183201879923e-14,5.275997890977774e-16
81,162,3709.0,327806.0,1856553.0,0.6421592079139598,0.1570567784301421,3.463992043698139e-14,4.567422897392645e-16
82,97,3749.0,327816.0,1856963.0,0.6087446178323113,0.054360305690370536,7.354493037087546e-15,3.115071422296116e-16
83,169,3787.0,327816.0,1856583.0,0.7095355623475503,0.059042963609450605,2.5155683594174282e-14,3.374061027958822e-16
84,169,3788.0,327816.0,1856573.0,0.7261201991652985,0.06640110739401706,3.63077120296847e-14,4.878289461802297e-16
85,169,3789.0,327816.0,1856563.0,0.7451400180292469,0.14084338110606487,3.3480321035416483e-14,4.443893074261052e-16
86,164,3790.0,327816.0,1856553.0,0.7307762025595139,0.13506840990390723,3.976480168989128e-14,5.27904805545419e-16
87,157,3791.0,327816.0,1856543.0,0.7079446781154888,0.15230058693073956,4.34886332563235e-14,5.775162514542771e-16
88,99,3830.0,327826.0,1856963.0,0.6122287642409611,0.167133386689841,8.843630081259386e-15,3.7537801108452574e-16
89,169,3868.0,327826.0,1856583.0,0.7166092787592807,0.0869518606639671,1.582362818515958e-14,2.652513403433826e-16
90,159,3872.0,327826.0,1856543.0,0.7534259936216514,0.12695123949194465,3.329593914613314e-14,4.4189334668169497e-16
91,90,3910.0,327836.0,1856973.0,0.4776513611009172,0.2796602210308812,5.9057318207178424e-15,3.685941349734334e-16
92,169,3939.0,327836.0,1856683.0,0.7482652668653001,0.02659490675522269,2.146971432476321e-14,2.8495888695075925e-16
93,169,3940.0,327836.0,1856673.0,0.6775762856720162,0.1180383102239938,1.5658989873892568e-14,2.1190218506771037e-16
94,169,3941.0,327836.0,1856663.0,0.6449739608992434,0.15629709912081924,1.955206263737055e-14,2.7203169060860244e-16
95,169,3942.0,327836.0,1856653.0,0.7338219388036763,0.057592399996377774,1.1008221593637637e-14,1.8581320327766206e-16
96,169,3943.0,327836.0,1856643.0,0.794346792492348,0.07898489563532818,1.0912590677751071e-14,1.8595076481363692e-16
97,169,3944.0,327836.0,1856633.0,0.7893198625233155,0.05078106993840337,1.1327821365609268e-14,1.9848642698406308e-16
98,169,3945.0,327836.0,1856623.0,0.7035440750753298,0.08662441092568596,9.432341311589178e-15,3.9688151029571104e-16
99,169,3946.0,327836.0,1856613.0,0.6260542228479075,0.14255781465760486,1.107812004465959e-14,4.681638138283631e-16
100,169,3949.0,327836.0,1856583.0,0.7168763850786032,0.08937805099461615,9.02646252023893e-15,1.5836297892691027e-16
101,166,3952.0,327836.0,1856553.0,0.775241365563422,0.11185741646429259,2.6300185423921642e-14,3.4894687568087556e-16
102,161,3953.0,327836.0,1856543.0,0.7564784334113034,0.12419881469873362,1.7145439411278078e-14,2.251834893522754e-16
103,95,3991.0,327846.0,1856973.0,0.650790727630979,0.1014386988685626,8.52818930376059e-15,5.266555232401606e-16
104,169,4017.0,327846.0,1856713.0,0.7185894613445196,0.08649406679134775,1.9539385412412655e-14,2.55172333647498e-16
105,169,4018.0,327846.0,1856703.0,0.7791153014734138,0.0756638724882327,3.3172967634912845e-14,4.35555151348154e-16
106,169,4019.0,327846.0,1856693.0,0.7536337424035352,0.03249415643940101,2.1572113751889956e-14,2.8629761475740094e-16
107,169,4020.0,327846.0,1856683.0,0.7205285612414876,0.03409826333305632,2.0888989608835244e-14,2.825121426141997e-16
108,169,4027.0,327846.0,1856613.0,0.6220864318343718,0.13100803360764846,1.475106607396329e-14,2.4791392489306927e-16
109,169,4028.0,327846.0,1856603.0,0.7346367592359597,0.09835076305864343,1.8708530261370443e-14,3.138319624506206e-16
110,169,4029.0,327846.0,1856593.0,0.7749586261197142,0.06267520744610078,1.796057595673483e-14,3.0152779996185196e-16
111,169,4030.0,327846.0,1856583.0,0.7167235236280582,0.08389064956696968,1.3579096458798185e-14,1.8874092283643793e-16
112,167,4033.0,327846.0,1856553.0,0.7722585799767674,0.10805487859409968,1.1296668168453129e-14,1.483365935879253e-16
113,101,4072.0,327856.0,1856973.0,0.6528243383799988,0.011493191950387005,7.102286119177474e-15,4.3869589747423083e-16
114,169,4097.0,327856.0,1856723.0,0.5306645471995193,0.2187857735956844,3.13568995186371e-14,4.1136131675703714e-16
115,169,4098.0,327856.0,1856713.0,0.6218433825693493,0.17324676633772984,1.6287297450428845e-14,2.1433633374439994e-16
116,169,4110.0,327856.0,1856593.0,0.736534135119103,0.08503656066241128,2.4788909045894424e-14,3.3301604489393495e-16
117,169,4111.0,327856.0,1856583.0,0.7134150633527472,0.040619525411485835,2.1648558751125105e-14,2.919959040667307e-16
118,169,4112.0,327856.0,1856573.0,0.7307411952090437,0.044390886698805865,2.24662798376322e-14,2.9825529354862895e-16
119,169,4113.0,327856.0,1856563.0,0.7424353347305795,0.12266666034923901,2.5662620713145092e-14,3.3710798681094103e-16
120,168,4114.0,327856.0,1856553.0,0.7384325780034844,0.10720706334821295,1.67010622195001e-14,2.1803885360546365e-16
121,107,4153.0,327866.0,1856973.0,0.6733497568356595,0.08918880694081743,6.626476291489103e-15,4.091414749541736e-16
122,169,4178.0,327866.0,1856723.0,0.6669675199553021,0.10736517286964853,1.61934709040349e-14,2.1428648043226604e-16
123,100,4233.0,327876.0,1856983.0,0.7124041528915438,0.09643378769163702,5.631405567879997e-15,3.845648524844572e-16
124,169,4241.0,327876.0,1856903.0,0.7537629620668721,0.05534600475814255,1.400123582803244e-14,2.4548301868919573e-16
125,169,4242.0,327876.0,1856893.0,0.6915765781754872,0.09809007714279505,1.2867249538550187e-14,2.196428310748214e-16
126,169,4243.0,327876.0,1856883.0,0.7050328400704268,0.0413265895158913,1.0851340701546725e-14,1.8325418481424096e-16
127,169,4244.0,327876.0,1856873.0,0.7355399278150127,0.06546746934610181,2.958866750023411e-14,4.970728088263041e-16
128,169,4245.0,327876.0,1856863.0,0.7233101793751968,0.07194372723332454,2.7806501550785823e-14,4.660677865168487e-16
129,169,4246.0,327876.0,1856853.0,0.7139364741139476,0.09209664742508705,4.814242910401959e-14,8.05867450890122e-16
130,169,4259.0,327876.0,1856723.0,0.7147721259945385,0.042063702818720294,1.0849761325290361e-14,1.4675139359146182e-16
131,107,4314.0,327886.0,1856983.0,0.7171199572594319,0.07823945241806396,4.764563308014929e-15,3.2639302270013047e-16
132,163,4320.0,327886.0,1856923.0,0.7246853212068236,0.024154567116058123,9.351220463076272e-15,5.578514194800359e-16
133,168,4321.0,327886.0,1856913.0,0.732131886301419,0.03059696148188562,8.915648106985932e-15,5.312938205869449e-16
134,169,4322.0,327886.0,1856903.0,0.7557533589758105,0.061118089442627754,8.851850568215206e-15,4.201167337363174e-16
135,169,4327.0,327886.0,1856853.0,0.7139366973731719,0.09210131919678977,1.3466887167966238e-14,5.691639629445315e-16
136,169,4329.0,327886.0,1856833.0,0.7086195301918384,0.06995393643325387,1.3467585854183166e-14,2.363136001451611e-16
137,169,4330.0,327886.0,1856823.0,0.7653121527925911,0.043853893430667035,1.5899552678498216e-14,2.7106280622185423e-16
138,169,4331.0,327886.0,1856813.0,0.7752337432354643,0.08782872039579093,7.31492287258991e-14,1.2386620449838855e-15
139,169,4332.0,327886.0,1856803.0,0.7248517213188039,0.12332263914600539,3.703733363670333e-13,6.2769810237152946e-15
140,169,4333.0,327886.0,1856793.0,0.7460059286890502,0.021454044967086916,1.572849564249218e-14,2.664664976046662e-16
141,169,4334.0,327886.0,1856783.0,0.7116468695238518,0.034591951091038076,9.488668927580009e-15,1.608472339981978e-16
142,169,4340.0,327886.0,1856723.0,0.6232730359504189,0.09360865074281022,2.919577859213795e-14,4.004102310596152e-16
143,91,4393.0,327896.0,1857003.0,0.7670754204329285,0.0782448592221705,5.8558114766888326e-15,5.398303432917969e-16
144,103,4394.0,327896.0,1856993.0,0.7321997244921562,0.07418539944074676,5.327940361560721e-15,4.471830122864877e-16
145,115,4395.0,327896.0,1856983.0,0.7187308069880304,0.07507044987457345,5.3733844044562356e-15,3.9451192340239675e-16
146,165,4401.0,327896.0,1856923.0,0.7344429191318274,0.031581567194233995,7.921838776123184e-15,4.722807542176219e-16
147,169,4408.0,327896.0,1856853.0,0.7139075654496527,0.09212196883436707,8.565074334518133e-15,3.6877488694242274e-16
148,169,4409.0,327896.0,1856843.0,0.712561383313955,0.08508369297873242,9.712430983526159e-15,4.1755497074761634e-16
149,169,4410.0,327896.0,1856833.0,0.7086281035800435,0.06989247019130929,8.05228654612107e-15,3.4623199760032496e-16
150,169,4415.0,327896.0,1856783.0,0.6978637089437522,0.04724261171258415,9.5336174684492e-15,4.101159172626964e-16
151,169,4421.0,327896.0,1856723.0,0.6176901521456124,0.0991257226719352,3.6115895683076553e-14,4.953552131490679e-16
152,88,4473.0,327906.0,1857013.0,0.6146194903129605,0.10242104041447364,3.5396808569447963e-15,3.5932225002564733e-16
153,100,4474.0,327906.0,1857003.0,0.7165949451645514,0.07832798357475168,5.481266000719814e-15,5.077101713172383e-16
154,161,4481.0,327906.0,1856933.0,0.7507689364517488,0.020892423185422837,7.350445122645008e-15,4.426262275292091e-16
155,166,4482.0,327906.0,1856923.0,0.7290808530104911,0.025479585880873734,8.200225327577245e-15,4.890335048914566e-16
156,169,4496.0,327906.0,1856783.0,0.6407613141812186,0.10112583591614444,1.3352228453219782e-14,5.646071411896562e-16
157,169,4497.0,327906.0,1856773.0,0.5557736775403959,0.17529344030940286,1.5363810035115394e-14,6.513872348213858e-16
158,169,4498.0,327906.0,1856763.0,0.6419726997943845,0.18721777544424312,1.3564944736589187e-14,5.729399905377582e-16
159,169,4499.0,327906.0,1856753.0,0.6857579127552781,0.143699274995144,9.461912896410954e-15,3.9632998529777327e-16
160,169,4500.0,327906.0,1856743.0,0.7002102572672706,0.09493163186609999,1.3714672062188335e-14,2.3642424907253044e-16
161,169,4501.0,327906.0,1856733.0,0.7051652113116178,0.06598108083111842,1.2996915426569143e-14,2.1732145469681024e-16
162,169,4502.0,327906.0,1856723.0,0.7034141772152372,0.020636296028274548,2.299927263882286e-14,3.1508093148067773e-16
163,86,4553.0,327916.0,1857023.0,0.5641781216149503,0.11899665291862194,5.077080433233509e-15,5.185897098745328e-16
164,98,4554.0,327916.0,1857013.0,0.6564918587174359,0.1225088061460442,4.345739485289106e-15,4.2992694228293385e-16
165,154,4560.0,327916.0,1856953.0,0.5420997921480379,0.06019771087418824,5.098900728392509e-15,3.523439891944423e-16
166,159,4561.0,327916.0,1856943.0,0.5636977440025147,0.14680565693654768,6.233811953972496e-15,3.9225273519661216e-16
167,163,4562.0,327916.0,1856933.0,0.643793121593515,0.10360538207070524,7.465015214270877e-15,4.524399017477972e-16
168,97,4634.0,327926.0,1857023.0,0.5601055852485552,0.17463792620805052,6.723859631081804e-15,6.870344872882412e-16
169,150,4640.0,327926.0,1856963.0,0.5311559499907996,0.06692096050760876,7.532602923292688e-15,6.123130891675536e-16
170,154,4641.0,327926.0,1856953.0,0.5172132820839117,0.07691934534965927,4.976117051845991e-15,3.4445175348224965e-16
171,108,4715.0,327936.0,1857023.0,0.6474247915363169,0.08167211689921461,3.606505438675126e-15,3.521145296013267e-16
172,145,4720.0,327936.0,1856973.0,0.5467600700180376,0.04595554873441954,4.2184606677279585e-15,3.919115678366133e-16
173,150,4721.0,327936.0,1856963.0,0.48536152531197585,0.04401323996708795,6.500906236679643e-15,5.304226705810723e-16
174,117,4796.0,327946.0,1857023.0,0.7072435436540444,0.015180487723758906,4.973938125309943e-15,4.698494376574854e-16
175,125,4797.0,327946.0,1857013.0,0.542660955365222,0.18498000111419288,4.501377549541448e-15,4.317970934584713e-16
176,140,4800.0,327946.0,1856983.0,0.5143306184995948,0.18530892204616822,4.8287144438967925e-15,4.624036611762606e-16
177,144,4801.0,327946.0,1856973.0,0.53897794465025,0.17014403962590685,4.17030243881289e-15,3.877180041749323e-16
178,125,4877.0,327956.0,1857023.0,0.7090776489604358,0.03559504311456407,4.69878303657144e-15,4.392676423897862e-16
179,131,4878.0,327956.0,1857013.0,0.5515040267259592,0.18032282956374746,6.214580781770878e-15,5.89605185574989e-16
180,135,4879.0,327956.0,1857003.0,0.5476168386894761,0.17903741727623168,4.919152152152552e-15,4.668339375996639e-16
181,138,4880.0,327956.0,1856993.0,0.4804905684675498,0.2055418986459474,4.892834148480725e-15,4.673060026327815e-16
182,140,4881.0,327956.0,1856983.0,0.5171350215428037,0.08226585510785844,4.1686493214231356e-15,3.969221125141143e-16
183,129,4958.0,327966.0,1857023.0,0.5994085889048366,0.07337120266139618,5.6713956979333704e-15,4.892784001297368e-16
184,124,5037.0,327976.0,1857043.0,0.6041427398810109,0.13138927240851705,6.209106521544965e-15,4.742284341813919e-16
185,128,5038.0,327976.0,1857033.0,0.6014245103243889,0.13884542942853362,4.713337341269933e-15,3.638405851933997e-16
186,130,5039.0,327976.0,1857023.0,0.6030317899729174,0.13239059668555975,5.596149515611407e-15,4.4151511538770937e-16
187,108,5048.0,327976.0,1856933.0,0.5362680128145313,0.13544526136798962,6.492829895391792e-15,3.972123386077426e-16
188,104,5049.0,327976.0,1856923.0,0.5210847789115043,0.1185434670860096,5.8800572269711836e-15,3.5606725550957854e-16
189,100,5050.0,327976.0,1856913.0,0.4563854251894521,0.177246911607772,8.469474820877526e-15,5.14556198266719e-16
190,98,5051.0,327976.0,1856903.0,0.4666006380453765,0.21943743717512704,9.219139703716705e-15,5.597432552943231e-16
191,97,5052.0,327976.0,1856893.0,0.30010100688001207,0.3748375092119778,1.0387621254857758e-14,6.371284001576322e-16
192,97,5053.0,327976.0,1856883.0,0.4070581939517875,0.1116512363616961,9.432027097635506e-15,5.74746196657402e-16
193,99,5054.0,327976.0,1856873.0,0.5039953580194422,0.18042685839051176,6.432449958652631e-15,3.8966345644300027e-16
194,103,5055.0,327976.0,1856863.0,0.6626940723660243,0.09064756530255835,6.6568209397386376e-15,3.014332076678767e-16
195,109,5056.0,327976.0,1856853.0,0.6324733428308934,0.014908918704998109,7.25900156643281e-15,3.131479206005512e-16
196,115,5057.0,327976.0,1856843.0,0.4745898825049673,0.2637522238464998,8.44273997531721e-15,3.6348844367941494e-16
197,85,5111.0,327986.0,1857113.0,0.7420433204882525,0.07695464751961911,5.691426545116815e-15,4.2213474122524215e-16
198,95,5112.0,327986.0,1857103.0,0.7340632538410129,0.00831517009935967,4.6105845846626665e-15,3.421453333027216e-16
199,102,5113.0,327986.0,1857093.0,0.7011733613861905,0.011333354781841165,4.338781527031328e-15,3.2276236140634544e-16
200,109,5114.0,327986.0,1857083.0,0.5494276605459723,0.09865443111327088,9.2994456563782e-16,6.996850939471657e-17
201,115,5115.0,327986.0,1857073.0,0.6181762897701998,0.02918371742739989,3.224590293832834e-15,2.413702410851727e-16
202,120,5116.0,327986.0,1857063.0,0.5271107553889172,0.0634998553054773,3.479148250439728e-15,2.62268052582442e-16
203,124,5117.0,327986.0,1857053.0,0.6130215597597948,0.05683754484918124,7.032874226708905e-15,5.28154475416866e-16
204,127,5118.0,327986.0,1857043.0,0.6147842883810496,0.07145246363320668,6.830210703397928e-15,5.174886281956699e-16
205,105,5127.0,327986.0,1856953.0,0.5137060239902891,0.019738688955368566,6.267399546219132e-15,4.677054547155722e-16
206,100,5128.0,327986.0,1856943.0,0.46053173534947933,0.07014010341469545,7.352481060378156e-15,5.014178787430341e-16
207,95,5129.0,327986.0,1856933.0,0.5362513477108778,0.13545584249618514,7.434233096581059e-15,4.873302325707623e-16
208,103,5138.0,327986.0,1856843.0,0.4745870400439634,0.25367020920311795,6.188831144508334e-15,2.664506878095421e-16
209,110,5139.0,327986.0,1856833.0,0.593452332747397,0.13782447705716494,9.624140372346505e-15,4.046394925254383e-16
210,117,5140.0,327986.0,1856823.0,0.5353627436359677,0.251504639408458,1.325699810771339e-14,2.2918580078669666e-16
211,86,5191.0,327996.0,1857123.0,0.6340600516465595,0.2428139518160788,4.691404400882245e-15,3.5063331297595487e-16
212,97,5192.0,327996.0,1857113.0,0.6340601354761773,0.18453602941566416,5.5870155989160095e-15,4.1695423898190147e-16
213,104,5206.0,327996.0,1856973.0,0.46681299083825345,0.07620369801698712,4.89726493065216e-15,4.694571771838424e-16
214,98,5207.0,327996.0,1856963.0,0.4942684792355074,0.033360198330060264,4.580188273661508e-15,4.242059116005747e-16
215,92,5208.0,327996.0,1856953.0,0.513148021346453,0.020179217912724923,5.142521894693143e-15,4.53277099210858e-16
216,104,5221.0,327996.0,1856823.0,0.535362747737692,0.2514885733573863,1.0794510413613492e-14,1.8661453316716468e-16
217,111,5222.0,327996.0,1856813.0,0.4830163796200693,0.3048974796534231,1.193812858225855e-14,2.0296850443048537e-16
218,75,5270.0,328006.0,1857143.0,0.7175113570040695,0.06224470931122039,4.975051324676849e-15,3.733165454366692e-16
219,86,5271.0,328006.0,1857133.0,0.7151401058265573,0.0029584011037470104,6.309829085379923e-15,4.704415283081826e-16
220,100,5286.0,328006.0,1856983.0,0.41819707842977893,0.09307351816854514,5.520171781221899e-15,5.296466951206365e-16
221,92,5287.0,328006.0,1856973.0,0.4668033100289464,0.07374275036484695,6.937564863249285e-15,6.651869544127048e-16
222,104,5304.0,328006.0,1856803.0,0.4699680276524627,0.30075231629396837,9.107697171256152e-15,1.5487869942585912e-16
223,111,5314.0,328006.0,1856703.0,0.45769149618120325,0.4094851708479898,1.441606128154901e-14,2.4955866390054696e-16
224,107,5315.0,328006.0,1856693.0,0.4687792708535912,0.37345636935369714,1.8030252603154754e-14,7.317201974578875e-16
225,103,5316.0,328006.0,1856683.0,0.7537651264855729,0.06074728970540666,1.2821222714841213e-14,5.258251031118629e-16
226,100,5317.0,328006.0,1856673.0,0.7175574880362878,0.17671795378765554,1.8725742293290744e-14,7.866545577327795e-16
227,97,5318.0,328006.0,1856663.0,0.7353140750706644,0.08534356662328557,1.3622570670592175e-14,5.715961729918203e-16
228,95,5319.0,328006.0,1856653.0,0.7012507864822229,0.10299817598748695,1.4938730337823797e-14,6.27461619740016e-16
229,93,5320.0,328006.0,1856643.0,0.7852385185993189,0.05486702233287599,1.4897223924761788e-14,6.234295667519143e-16
230,93,5321.0,328006.0,1856633.0,0.7989157184510443,0.14490739242714035,1.461574588942806e-14,6.113001530405631e-16
231,93,5322.0,328006.0,1856623.0,0.7845999433151789,0.07362265830670078,1.128779278168862e-14,4.723921233813781e-16
232,95,5323.0,328006.0,1856613.0,0.7732041798572944,0.05021620605988952,2.0436859074742106e-14,3.581964072193083e-16
233,97,5324.0,328006.0,1856603.0,0.6974702567737047,0.1019815783477539,1.0951238422607685e-14,1.522560895311538e-16
234,100,5325.0,328006.0,1856593.0,0.5311291644523979,0.26048923189807405,1.4903188434534063e-14,2.031696678373596e-16
235,103,5326.0,328006.0,1856583.0,0.5703714461780487,0.21284731698606252,1.479118265444228e-14,1.9955229491982004e-16
236,106,5327.0,328006.0,1856573.0,0.6401900101672241,0.10278094536859994,1.7748611814741138e-14,2.3608532568576325e-16
237,109,5328.0,328006.0,1856563.0,0.6654360346112039,0.09963636565067024,1.946974276673257e-14,2.570977495919229e-16
238,74,5350.0,328016.0,1857153.0,0.5822916438411431,0.16779727587406013,4.853223672372453e-15,3.7278141179538984e-16
239,85,5351.0,328016.0,1857143.0,0.48213863508214244,0.267602885563245,6.2933568333743856e-15,4.807254849504211e-16
240,107,5365.0,328016.0,1857003.0,0.5420000143876673,0.07848626353420629,4.188290446021603e-15,3.9337304104219645e-16
241,98,5366.0,328016.0,1856993.0,0.4395081951843028,0.05986694583457319,6.276281495768351e-15,6.004831780193181e-16
242,88,5367.0,328016.0,1856983.0,0.41819246072355737,0.03397621268105888,5.531769695246341e-15,5.308063674084724e-16
243,91,5385.0,328016.0,1856803.0,0.46996790507075453,0.24025136391312246,1.623337688345353e-14,2.760526919001548e-16
244,102,5394.0,328016.0,1856713.0,0.42059951515880417,0.4461020698423727,1.3964143113183787e-14,2.3766639577176775e-16
245,98,5395.0,328016.0,1856703.0,0.45769149694070654,0.40948440212933246,1.467568494144662e-14,2.540530509055653e-16
246,96,5409.0,328016.0,1856563.0,0.6654360080998366,0.09963597503368005,2.421226479049929e-14,3.267866654512283e-16
247,100,5410.0,328016.0,1856553.0,0.4740660242808689,0.23020279831874407,1.594047254882851e-14,2.149032442235865e-16
248,80,5431.0,328026.0,1857153.0,0.5624200926296896,0.10025911078799432,6.636390323194303e-15,5.105274194072703e-16
249,109,5444.0,328026.0,1857023.0,0.4795188607970339,0.1381698309249194,6.397561688280864e-15,5.064437721636924e-16
250,102,5445.0,328026.0,1857013.0,0.4936102414738542,0.12261619163120868,5.407097706309754e-15,4.480646177836381e-16
251,94,5446.0,328026.0,1857003.0,0.4571728754807468,0.15119148240399916,5.080071780008772e-15,4.809641902411294e-16
252,78,5466.0,328026.0,1856803.0,0.46996703437831167,0.15152220832111885,1.2946709233871889e-14,2.201649302941093e-16
253,84,5467.0,328026.0,1856793.0,0.5137353217743659,0.07081820379731285,1.612401017143492e-14,2.739925040435429e-16
254,96,5473.0,328026.0,1856733.0,0.5139470163618017,0.34366301645447705,1.6225415300184943e-14,2.757146719558747e-16
255,93,5474.0,328026.0,1856723.0,0.5082539802611268,0.3623184056747393,1.23715687387453e-14,2.1024750318575197e-16
256,89,5475.0,328026.0,1856713.0,0.4205995108693986,0.44602483934862924,1.2092801666693809e-14,2.0581927720680924e-16
257,91,5492.0,328026.0,1856543.0,0.6386653591193735,0.0896818751253059,2.2616309177725112e-14,3.146927764702976e-16
258,95,5493.0,328026.0,1856533.0,0.6636708307108578,0.07995262400052183,3.406035945536389e-14,4.634939615599126e-16
259,69,5511.0,328036.0,1857163.0,0.5922597496758252,0.11616209435328895,5.598305921828008e-15,4.477439727622041e-16
260,80,5512.0,328036.0,1857153.0,0.5624200926296896,0.10025911078799432,6.636390323194303e-15,5.105274194072703e-16
261,105,5524.0,328036.0,1857033.0,0.4731831065748018,0.1395026835412666,5.337635099035951e-15,4.133610375023566e-16
262,97,5525.0,328036.0,1857023.0,0.47951787272134977,0.10670626292237212,4.202897115633923e-15,3.327097642745714e-16
263,71,5548.0,328036.0,1856793.0,0.5137237437133249,0.1380803455484254,1.370625774375121e-14,2.370412887353914e-16
264,76,5549.0,328036.0,1856783.0,0.5175609070017515,0.12323360883894174,9.851568426464051e-15,1.7036550463480891e-16
265,85,5552.0,328036.0,1856753.0,0.518147221004543,0.35250877126164304,9.569261815131757e-15,1.654818317194846e-16
266,85,5553.0,328036.0,1856743.0,0.5177477570671174,0.3473697325791465,1.3071002774381176e-14,2.2603921445605853e-16
267,83,5554.0,328036.0,1856733.0,0.5139462268983371,0.3369703699541239,1.3420635124838756e-14,2.321007283424001e-16
268,82,5574.0,328036.0,1856533.0,0.6635555673224038,0.07975072910765924,1.7968714588209798e-14,3.0687117751552343e-16
269,86,5575.0,328036.0,1856523.0,0.6553998923236409,0.06258294126665542,1.6018858787206353e-14,2.707486170630285e-16
270,90,5576.0,328036.0,1856513.0,0.6710476741073641,0.09159636387174741,2.1153154417356764e-14,3.557464075651132e-16
271,93,5577.0,328036.0,1856503.0,0.6639970723789794,0.09247921340846665,1.7512967644525785e-14,2.938288599436184e-16
272,96,5578.0,328036.0,1856493.0,0.6563096690610095,0.09045936523606513,4.079794957440185e-14,6.835858861015149e-16
273,59,5586.0,328036.0,1856413.0,0.6311280393554131,0.22740581615646716,5.9037014369706556e-15,9.90280615420847e-17
274,51,5587.0,328036.0,1856403.0,0.6289344275113324,0.21637511939039356,5.129694672923071e-15,8.621298986645704e-17
275,43,5588.0,328036.0,1856393.0,0.6300817554705826,0.2683759084125985,5.382430297652353e-15,9.076976918810583e-17
276,69,5592.0,328046.0,1857163.0,0.5922597496758252,0.11616209435328895,5.598305921828008e-15,4.477439727622041e-16
277,99,5604.0,328046.0,1857043.0,0.375372151263546,0.24762917179781857,4.352149936503745e-15,3.356790592492304e-16
278,92,5605.0,328046.0,1857033.0,0.4731830148419527,0.13995205106200692,5.420351948398298e-15,4.1976697437929014e-16
279,63,5630.0,328046.0,1856783.0,0.5174347337570119,0.03634281000480222,8.81945639730428e-15,4.020597071917199e-16
280,67,5631.0,328046.0,1856773.0,0.41773681656412526,0.10018078949692893,1.94346756614588e-15,8.900295040069876e-17
281,70,5632.0,328046.0,1856763.0,0.5176192386789519,0.1172207004655349,9.352965976116195e-15,4.2637765420379196e-16
282,83,5659.0,328046.0,1856493.0,0.6560965366430576,0.09059617851784318,1.044013552650566e-14,4.4232296403893516e-16
283,85,5660.0,328046.0,1856483.0,0.5930179271547118,0.16022537429647876,1.769806785536172e-14,7.501231349486724e-16
284,87,5661.0,328046.0,1856473.0,0.6604799275037365,0.044220746110406384,1.3194920577347721e-14,5.5711529141567e-16
285,84,5662.0,328046.0,1856463.0,0.6848509933683409,0.04981463410111797,1.0270145752190233e-14,4.331798523091586e-16
286,79,5663.0,328046.0,1856453.0,0.6313091557218675,0.10309888497634045,1.0224088616271586e-14,4.3221330474981323e-16
287,73,5664.0,328046.0,1856443.0,0.6311660097038438,0.0930287314175885,8.574236317303632e-15,3.6246968607311836e-16
288,67,5665.0,328046.0,1856433.0,0.6298091616734749,0.048719136202783786,9.702821393260723e-15,4.102109120602145e-16
289,60,5666.0,328046.0,1856423.0,0.6316533770046652,0.224998241748101,8.065188634913257e-15,3.412877645213219e-16
290,53,5667.0,328046.0,1856413.0,0.6311280244302131,0.2274058211454847,4.5219786682849056e-15,1.9179475187824936e-16
291,67,5673.0,328056.0,1857163.0,0.5922606021060878,0.11635973563394375,4.368425911187285e-15,3.493800861122588e-16
292,86,5685.0,328056.0,1857043.0,0.3753721375443331,0.24456671317525092,4.557381738559889e-15,3.515114917308532e-16
293,55,5753.0,328066.0,1857173.0,0.6218191035691071,0.1466135348776062,4.419073204683269e-15,3.7054231409103895e-16
294,63,5754.0,328066.0,1857163.0,0.5922289008759755,0.11582912207087004,6.458609545470274e-15,5.165556806858063e-16
295,104,5761.0,328066.0,1857093.0,0.5371135069070293,0.14824248119605454,5.7068539961812104e-15,4.2899865439476764e-16
296,99,5762.0,328066.0,1857083.0,0.5362244437132166,0.11477459395885259,7.437502182919075e-15,5.591336790495796e-16
297,93,5763.0,328066.0,1857073.0,0.5234993707577562,0.12428723318521384,7.643426612249162e-15,5.751790675636254e-16
298,87,5764.0,328066.0,1857063.0,0.531025472805662,0.04801462586806371,9.198349578303044e-15,6.921148675600838e-16
299,80,5765.0,328066.0,1857053.0,0.4717746635754988,0.10567147282531653,7.639841217512928e-15,5.794047254703405e-16
300,73,5766.0,328066.0,1857043.0,0.3753713938510248,0.1333970749378366,6.5588182433436854e-15,5.060156315129645e-16
301,50,5834.0,328076.0,1857173.0,0.6209203061751826,0.13857034191719575,5.34454321910836e-15,4.482065271329829e-16
302,57,5835.0,328076.0,1857163.0,0.5918862223577457,0.11267011227533763,4.559213217124999e-15,3.6474045114514027e-16
303,91,5840.0,328076.0,1857113.0,0.5377048245327207,0.10475591542234519,8.240469486549245e-15,6.210761207584014e-16
304,95,5841.0,328076.0,1857103.0,0.5352155739666459,0.08719668254033086,7.613760269528892e-15,5.739214662287916e-16
305,91,5842.0,328076.0,1857093.0,0.5370672017189737,0.1451354082771984,7.223202661610956e-15,5.444048570856857e-16
306,74,5845.0,328076.0,1857063.0,0.4374102957803169,0.09402215236829276,5.1025041330027884e-15,3.877076553425693e-16
307,67,5846.0,328076.0,1857053.0,0.47169112637740895,0.03184065048756546,4.3331288045736164e-15,3.297162490366209e-16
308,50,5916.0,328086.0,1857163.0,0.591972958345706,0.11891129217781604,6.795139211934681e-15,5.461069690867894e-16
309,56,5917.0,328086.0,1857153.0,0.5623141516826539,0.10044752175143468,4.704260254035172e-15,3.674237859911897e-16
310,62,5918.0,328086.0,1857143.0,0.4824130329194447,0.1560291108018621,5.274436621196135e-15,4.1223167013008463e-16
311,67,5919.0,328086.0,1857133.0,0.4999949607574941,0.13810473466057588,4.204529192888861e-15,3.277857055587426e-16
312,73,5920.0,328086.0,1857123.0,0.5364811824744438,0.10745800818432039,4.947291830758086e-15,3.844991562604981e-16
313,79,5921.0,328086.0,1857113.0,0.5376847072996043,0.10606412632884665,5.213525994707225e-15,4.051354039814405e-16
