feature_index,grey_feature,rgb_features,row_north_to_south,column_west_to_east,dx_meters,dy_meters
1,Grey1,R1/G1/B1,1,1,-4.53,4.25
2,Grey2,R2/G2/B2,1,2,-2.53,4.25
3,Grey3,R3/G3/B3,1,3,-0.53,4.25
4,Grey4,R4/G4/B4,1,4,1.47,4.25
5,Grey5,R5/G5/B5,1,5,3.47,4.25
6,Grey6,R6/G6/B6,2,1,-4.53,2.25
7,Grey7,R7/G7/B7,2,2,-2.53,2.25
8,Grey8,R8/G8/B8,2,3,-0.53,2.25
9,Grey9,R9/G9/B9,2,4,1.47,2.25
10,Grey10,R10/G10/B10,2,5,3.47,2.25
11,Grey11,R11/G11/B11,3,1,-4.53,0.25
12,Grey12,R12/G12/B12,3,2,-2.53,0.25
13,Grey13,R13/G13/B13,3,3,-0.53,0.25
14,Grey14,R14/G14/B14,3,4,1.47,0.25
15,Grey15,R15/G15/B15,3,5,3.47,0.25
16,Grey16,R16/G16/B16,4,1,-4.53,-1.75
17,Grey17,R17/G17/B17,4,2,-2.53,-1.75
18,Grey18,R18/G18/B18,4,3,-0.53,-1.75
19,Grey19,R19/G19/B19,4,4,1.47,-1.75
20,Grey20,R20/G20/B20,4,5,3.47,-1.75
21,Grey21,R21/G21/B21,5,1,-4.53,-3.75
22,Grey22,R22/G22/B22,5,2,-2.53,-3.75
23,Grey23,R23/G23/B23,5,3,-0.53,-3.75
24,Grey24,R24/G24/B24,5,4,1.47,-3.75
25,Grey25,R25/G25/B25,5,5,3.47,-3.75
